title,company,location,job_url,company_website,company_linkedin_url,industry,meet_hiring_team_name,meet_hiring_team_url
Entry Level Sales - Work From Home ($75k-200K),Wilbur Smith Agency,United States (Remote),https://www.linkedin.com/jobs/view/4354367347/,https://sfglife.com/,https://www.linkedin.com/company/wilbur-smith-agency/life,Staffing and Recruiting,Wilbur C. Smith IV,https://www.linkedin.com/in/wilbur-c-smith-iv-03034b147
Entry-Level Sales Role â€“ Hiring Immediately,20North Inc.,"Atlanta, GA (On-site)",https://www.linkedin.com/jobs/view/4359607228/,https://20northmarketing.com/,https://www.linkedin.com/company/20north-marketing/life,Staffing and Recruiting,Savannah Lewis,https://www.linkedin.com/in/savannah-taylor-lewis
"Remote Sales (No Experience Needed, Will Train)",Anderson Agency LLC,United States (Remote),https://www.linkedin.com/jobs/view/4359732967/,N/A,https://www.linkedin.com/company/anderson-agency-llc/life,Staffing and Recruiting,Courtney Haas,https://www.linkedin.com/in/courtney-haas-741a5b340
Virtual Sales Position - Internship or Full-time,Globe Life American Income Division: Surace Smith & Partners Organization,United States (Remote),https://www.linkedin.com/jobs/view/4348391871/,http://www.ssbhgroup.com/,https://www.linkedin.com/company/s-s-bendure-hartwig/life,Staffing and Recruiting,Nick Chuma,https://www.linkedin.com/in/nick-chuma-495b741ba
Remote Entry Level Sales ** No experience needed ** $75k - $150k,N/A,United States (Remote),https://www.linkedin.com/jobs/view/4345038858/,N/A,N/A,Staffing and Recruiting,Robert Greenwood,https://www.linkedin.com/in/robert-greenwood-34949737b
Entry Level Sales (Work from Home),The Hadley Agency,United States (Remote),https://www.linkedin.com/jobs/view/4320053528/,https://sfglife.com/,https://www.linkedin.com/company/hadley-agency/life,Staffing and Recruiting,Sarah Hadley,https://www.linkedin.com/in/sarah-hadley-74646b295
Sales Intern,Brooksource,"Boca Raton, FL (On-site)",https://www.linkedin.com/jobs/view/4331002198/,http://www.brooksource.com/,https://www.linkedin.com/company/brooksource/life,Staffing and Recruiting,Rylie Moore,https://www.linkedin.com/in/rylie-moore-654a7931b
Work from Home Online Sales (Will Train),Ryan Miller Agency,United States (Remote),https://www.linkedin.com/jobs/view/4331906627/,https://www.theryanpmiller.com/,https://www.linkedin.com/company/ryanmilleragency/life,Staffing and Recruiting,Natasha Washington,https://www.linkedin.com/in/natasha-washington-92493669
Entry Level Sales *Fully Remote* $75K-$150K,Goldsmith Life and Legacy,United States (Remote),https://www.linkedin.com/jobs/view/4354396062/,https://sfglife.com/,https://www.linkedin.com/company/goldsmith-life-and-legacy/life,Staffing and Recruiting,Jenny Goldsmith,https://www.linkedin.com/in/jenny-goldsmith-b9286b387
Entry Level Sales Team Member,Prime Time Executives,"Cypress, TX (On-site)",https://www.linkedin.com/jobs/view/4329792834/,https://www.primetimeexecutivesinc.com/,https://www.linkedin.com/company/prime-time-executives/life,Staffing and Recruiting,Not Listed,Not Listed
Sales Closer,Metana,"California, United States (Remote)",https://www.linkedin.com/jobs/view/4324185661/,https://metana.io/,https://www.linkedin.com/company/metana/life,Staffing and Recruiting,Not Listed,Not Listed
Work From Home Sales - No Experience Needed,The Elmer Agency,United States (Remote),https://www.linkedin.com/jobs/view/4331945471/,N/A,https://www.linkedin.com/company/the-elmer-agency/life,Staffing and Recruiting,Not Listed,Not Listed
Sales Specialist - Remote - No experience Required,Cornerstone Financial Solutions,"Dallas, TX (Remote)",https://www.linkedin.com/jobs/view/4328772425/,https://www.cornerstoneagencycall.com/,https://www.linkedin.com/company/cornerstone-agency-inc/life,Staffing and Recruiting,Sierra Simonds,https://www.linkedin.com/in/sierra-simonds-a12253271
